{
    "type": "minecraft:block",
    "pools": [
      {
        "rolls": 1,
        "entries": [
          {
            "type": "minecraft:alternatives",
            "children": [
              {
                "type": "minecraft:item",
                "name": "the_vault:gem_upaline",
                "functions": [
                  {
                    "function": "minecraft:apply_bonus",
                    "enchantment": "minecraft:fortune",
                    "formula": "minecraft:ore_drops"
                  },
                  {
                    "function": "minecraft:explosion_decay"
                  }
                ]
              }
            ]
          }
        ]
      }
    ]
  }
